id;start_date;end_date;language
1;2024-01-17T10:15:51;2024-01-16T21:32:14;SPANISH
2;2024-01-16T23:38:03;2024-01-16T16:05:03;FRENCH
3;2024-01-16T17:10:37;2024-01-17T05:04:12;ENGLISH
4;2024-01-17T00:40:49;2024-01-17T12:12:44;ENGLISH
5;2024-01-16T16:16:22;2024-01-16T17:11:19;FRENCH
6;2024-01-16T22:02:31;2024-01-17T10:11:14;ENGLISH
7;2024-01-17T12:07:57;2024-01-17T03:31:51;ENGLISH
8;2024-01-17T01:03:03;2024-01-17T13:59:29;FRENCH
9;2024-01-16T20:10:37;2024-01-16T21:51:29;SPANISH
10;2024-01-16T23:14:45;2024-01-17T01:40:45;FRENCH
